{"cameraMode":{"drawMode":0,"name":"Shaded","section":"Shading Mode"},"sceneLighting":true,"audioPlay":false,"sceneViewState":{"showFog":true,"showMaterialUpdate":false,"showSkybox":true,"showFlares":true,"showImageEffects":true,"showParticleSystems":true},"in2DMode":false,"pivot":{"x":5.095851898193359,"y":10.376996994018555,"z":30.687639236450197},"rotation":{"x":0.0183098167181015,"y":0.002406228333711624,"z":-0.00004520005313679576,"w":0.9998294711112976},"size":58.80129623413086,"orthographic":false}